# source_path	object_key	content_type
data/中国移动（陕西咸阳）数据中心维护能力知识库 .xlsx	workspaces/00000000-0000-0000-0000-00000000dc01/documents/638cb027-36f1-524d-afde-fc8752fd6608/中国移动陕西咸阳数据中心维护能力知识库 .xlsx	application/vnd.openxmlformats-officedocument.spreadsheetml.sheet
data/中国移动（陕西咸阳）数据中心机房情况说明介绍.docx	workspaces/00000000-0000-0000-0000-00000000dc01/documents/b916fbd0-6c0e-5229-b2b0-9d07bb0ac8e8/中国移动陕西咸阳数据中心机房情况说明介绍.docx	application/vnd.openxmlformats-officedocument.wordprocessingml.document
data/中国移动（陕西西安）数据中心机房维护能力知识库.xlsx	workspaces/00000000-0000-0000-0000-00000000dc01/documents/7ed8a8cd-6f9e-50cd-a7d9-49745688f6b1/中国移动陕西西安数据中心机房维护能力知识库.xlsx	application/vnd.openxmlformats-officedocument.spreadsheetml.sheet
data/中国移动（陕西西安）数据中心机房情况说明介绍.docx	workspaces/00000000-0000-0000-0000-00000000dc01/documents/256c8f6e-5c01-5de9-81a2-77d81eb93797/中国移动陕西西安数据中心机房情况说明介绍.docx	application/vnd.openxmlformats-officedocument.wordprocessingml.document
data/城东数据中心维护能力知识库.xlsx	workspaces/00000000-0000-0000-0000-00000000dc01/documents/ca70634a-3ed3-5e9c-8fd9-08ad1c07ac2b/城东数据中心维护能力知识库.xlsx	application/vnd.openxmlformats-officedocument.spreadsheetml.sheet
data/中国移动（西安灞桥）数据中心机房情况说明介绍.docx	workspaces/00000000-0000-0000-0000-00000000dc01/documents/2e43d37c-5e32-5879-b990-db2f278a7633/中国移动西安灞桥数据中心机房情况说明介绍.docx	application/vnd.openxmlformats-officedocument.wordprocessingml.document
data/西咸数据中心1号楼维护能力知识库.xlsx	workspaces/00000000-0000-0000-0000-00000000dc01/documents/2c0e1725-50dd-549d-9e60-0a20e10f70cf/西咸数据中心1号楼维护能力知识库.xlsx	application/vnd.openxmlformats-officedocument.spreadsheetml.sheet
data/西咸数据中心2号楼维护能力知识库.xlsx	workspaces/00000000-0000-0000-0000-00000000dc01/documents/d1c62abd-63d4-542f-b517-033b4bb683a4/西咸数据中心2号楼维护能力知识库.xlsx	application/vnd.openxmlformats-officedocument.spreadsheetml.sheet
data/西咸数据中心3号楼维护能力知识库.xlsx	workspaces/00000000-0000-0000-0000-00000000dc01/documents/13515794-1668-511d-b443-b821f59b2e74/西咸数据中心3号楼维护能力知识库.xlsx	application/vnd.openxmlformats-officedocument.spreadsheetml.sheet
data/西咸数据中心4号楼维护能力知识库.xlsx	workspaces/00000000-0000-0000-0000-00000000dc01/documents/b709e6b0-4a19-5773-b363-96b648272547/西咸数据中心4号楼维护能力知识库.xlsx	application/vnd.openxmlformats-officedocument.spreadsheetml.sheet
data/西咸数据中心5号楼维护能力知识库.xlsx	workspaces/00000000-0000-0000-0000-00000000dc01/documents/89372d61-3950-5fc3-8456-884d30fe52ac/西咸数据中心5号楼维护能力知识库.xlsx	application/vnd.openxmlformats-officedocument.spreadsheetml.sheet
data/西咸数据中心6号楼维护能力知识库.xlsx	workspaces/00000000-0000-0000-0000-00000000dc01/documents/4df28f30-872d-5541-a8b8-08a35b49372a/西咸数据中心6号楼维护能力知识库.xlsx	application/vnd.openxmlformats-officedocument.spreadsheetml.sheet
data/陕西移动IDC对外服务知识库.xlsx	workspaces/00000000-0000-0000-0000-00000000dc01/documents/05ff2255-2dd8-593a-bd17-9a0de96a8594/陕西移动IDC对外服务知识库.xlsx	application/vnd.openxmlformats-officedocument.spreadsheetml.sheet
data/中国移动（陕西西咸）数据中心机房情况说明介绍.docx	workspaces/00000000-0000-0000-0000-00000000dc01/documents/200e3b67-1482-555e-9653-f57ff841ce92/中国移动陕西西咸数据中心机房情况说明介绍.docx	application/vnd.openxmlformats-officedocument.wordprocessingml.document
